name,alternativename,primaryvalue,subcategory,category,type,highlight,metric_001,searchterm,notes,notesLong,sourceNames,link,firstsource,secondsource,thirdsource,ID
abatacept,,4,osteoarthritis,musculoskeletal,hormone,,"87,500",abatacept osteoarthritis,Appears to reduce joint pain and improve function.,,Cochrane,http://www.cochrane.org/CD007277/MUSKEL_abatacept-for-rheumatoid-arthritis,http://www.cochrane.org/CD007277/MUSKEL_abatacept-for-rheumatoid-arthritis,,,1
agnus castus,vitex,5,PMS,women,plant / herb,,"160,000",agnus castus PMS,Helps improve PMS symptoms.,,"Archives of Gynecology and Obstetrics; The European Menopause Journal, Archives of Women's Mental Health, American Journal of Obstetrics and Gynecology, Electronic Physician",https://www.sciencedirect.com/science/article/pii/S0002937817303198,,"https://www.sciencedirect.com/science/article/pii/S0002937817303198
https://www.ncbi.nlm.nih.gov/pmc/articles/PMC5308513/
https://link.springer.com/article/10.1007/s00737-017-0791-0","http://www.maturitas.org/article/S0378-5122(09)00031-0/abstract?cc=y=, http://link.springer.com/article/10.1007/s004040000123",2
aloe vera,,0,digestive aid,digestion,plant / herb,,"11,800,000",aloe vera  digestion,"HARMFUL. Never eat. Ingestion can causes diarrhea, electrolyte imbalance and kidney disfunction.",,Journal of Environmental Science and Health,http://www.tandfonline.com/doi/abs/10.1080/10590500600614303#.VcDwRZNVhBc,,,http://www.tandfonline.com/doi/abs/10.1080/10590500600614303#.VcDwRZNVhBc,3
aloe vera,,1,"burns, cuts",general health,plant / herb,,"18,800,000",aloe vera burns cuts,No high quality evidence to support aloe vera for treatment of wounds.,,Cochrane,https://www.cochrane.org/CD008762/WOUNDS_aloe-vera-for-treating-acute-and-chronic-wounds,https://www.cochrane.org/CD008762/WOUNDS_aloe-vera-for-treating-acute-and-chronic-wounds,,,4
aloe vera,,2,diabetes,diabetes,plant / herb,,"27,800,000",aloe vera diabetes,One study found diabetes patients with high blood levels of fat (dyslipidemia) benefited from one 300mg capsule every 12 hours for 2 months.,,Planta Medica,http://www.omni.org.il/_Uploads/dbsAttachedFiles/Research1.Antihyperglycemic.pdf,,,http://www.omni.org.il/_Uploads/dbsAttachedFiles/Research1.Antihyperglycemic.pdf,5
andrographis,,1,respiratory tract infections,infections,plant / herb,,"154,000",andrographis respiratory infections,Slight evidence of reduced symptoms.,,Otolaryngologic Clinics of North America,http://www.sciencedirect.com/science/article/pii/S0030666512002149,,http://www.sciencedirect.com/science/article/pii/S0030666512002149,,6
antioxidants,,3,infertility in men,"sexual health, men, children",compound,,"1,900,000",antioxidants infertility,Evidence of anti-oxidants as treatment for male infertility is inconclusive.,,Cochrane,http://onlinelibrary.wiley.com/doi/10.1002/14651858.CD007411.pub3/abstract,http://onlinelibrary.wiley.com/doi/10.1002/14651858.CD007411.pub3/abstract,,,7
antioxidants,,0,mortality,general health,compound,,"7,330,000",antioxidants mortality,"Taking antixoxidants have no health benefits. In fact, beta carotene, vitamin A and vitamin E appear to increase the risk of death.",,Cochrane,http://onlinelibrary.wiley.com/doi/10.1002/14651858.CD007176.pub2/abstract,http://onlinelibrary.wiley.com/doi/10.1002/14651858.CD007176.pub2/abstract,,,8
ashwagandha,withania somnifera,4,anxiety & stress,mental health,plant / herb,OTW,"1,130,000",ashwagandha anxiety stress,A review of 5 human trials concludes Ashwagandha reduces anxiety & stress. The review calls for more trials. ,,The Journal of Alternative and Complementary Medicine,http://online.liebertpub.com/doi/abs/10.1089/acm.2014.0177,,http://online.liebertpub.com/doi/abs/10.1089/acm.2014.0177,,9
ashwagandha,withania somnifera,2,erectile dysfunction,sexual health,plant / herb,,"634,000",ashwagandha erectile dysfunction,"In a single pilot study on 46 men with low-sperm count, ashwagandha supplementation appeared to increase sperm count  & volume. ",,Evidence-based complimentary & alternative medicine,http://onlinelibrary.wiley.com/o/cochrane/clcentral/articles/963/CN-00977963/frame.html,,,http://onlinelibrary.wiley.com/o/cochrane/clcentral/articles/963/CN-00977963/frame.html,10
ashwagandha,withania somnifera,2,rheumatoid arthritis ,musculoskeletal,plant / herb,,"407,000",ashwagandha rheumatoid arthritis,No solid evidence.,,Indian Journal of Medical Research,http://onlinelibrary.wiley.com/o/cochrane/clcentral/articles/011/CN-01197011/frame.html,,,http://onlinelibrary.wiley.com/o/cochrane/clcentral/articles/011/CN-01197011/frame.html,11
astaxanthin,,1,oxidative stress,general health,compound,,"261,000",astaxanthin oxidative stress,No human trials yet. ,,"Cochrane, PLoS One",http://onlinelibrary.wiley.com/o/cochrane/clcentral/articles/581/CN-00909581/frame.html,,,"http://onlinelibrary.wiley.com/o/cochrane/clcentral/articles/581/CN-00909581/frame.html
https://journals.plos.org/plosone/article?id=10.1371/journal.pone.0146438",12
astragalus,,2,"dna damage, immune system",general health,plant / herb,OTW,"740,000",astragalus immune system,Limited studies suggest a stengthening of  the immune system. More evidence needed.,,"Block, Mead (2003)",http://www.ncbi.nlm.nih.gov/pubmed/15035888,,,http://www.ncbi.nlm.nih.gov/pubmed/15035888,13
astragalus,,3,chronic kidney disease,general health,plant / herb,,"354,000",astragalus kidney disease,Low quality evidence for patients with chronic kidney disease when combined with conventional treatments. ,,Cochrane,http://onlinelibrary.wiley.com/doi/10.1002/14651858.CD008369.pub2/abstract,http://onlinelibrary.wiley.com/doi/10.1002/14651858.CD008369.pub2/abstract,,,14
bee pollen,,1,cancer ,cancer,other,,"3,730,000",bee pollen cancer,No evidence,,European Journal of Medicinal Chemistry,http://www.ncbi.nlm.nih.gov/pubmed/20598400,,,http://www.ncbi.nlm.nih.gov/pubmed/20598400,15
benfotiamine ,fat-soluble thiamin,3,"anti-aging, diabetes ","diabetes, general health",compound,,"311,000",benfotiamine diabetes,A study of high-dose benfotiamine (300 mg/day) supplementation over 24 months showed no significant effects.,,Cochrane,http://www.cochrane.org/CD009403/RENAL_vitamin-b-and-its-derivatives-for-diabetic-kidney-disease,http://www.cochrane.org/CD009403/RENAL_vitamin-b-and-its-derivatives-for-diabetic-kidney-disease,http://www.researchgate.net/profile/Boris_Mankovsky/publication/274180185_Benfotiamine_Commentary_and_update_on_recent_studies/links/55256a0b0cf24b822b40313b.pdf,,16
beta-carotene,,1,cancer,cancer,vitamin,,"5,410,000",vitamin A beta-carotene cancer,There is no evidence that beta-carotene prevents cancer.,,PubMed,http://www.ncbi.nlm.nih.gov/pubmed/18689373,,,http://www.ncbi.nlm.nih.gov/pubmed/18689373,17
beta glucans,,1,cancer,cancer,compound,,"280,000",beta glucans cancer,"Compounds found in brewers' yeast and mushrooms. Most studies so far have been done in animals or test tubes, rather than on human subjects. Trials on human subjects are needed. ",,Evidence-Based Complementary and Alternative Medicine,http://www.hindawi.com/journals/ecam/2014/252171/,,,http://www.hindawi.com/journals/ecam/2014/252171/,18
beta glucans,,2,"colds, immune system","infections, respiratory",compound,OTW,"558,000",beta glucans respiratory infection,Reduced number of colds by 25% and severity of symptoms by 15%. Might increase the body's ability to fend off infections.,,Molecular Nutrition and Food Research,http://onlinelibrary.wiley.com/doi/10.1002/mnfr.201300338/full,,http://onlinelibrary.wiley.com/doi/10.1002/mnfr.201300338/full,,19
bitter melon,,1,diabetes,diabetes,plant / herb,,"1,150,000",bitter melon diabetes,Not enough evidence to support using bitter melon in diabetes treament.,,Cochrane,http://www.cochrane.org/CD007845/ENDOC_momordica-charantia-for-type-2-diabetes-mellitus,http://www.cochrane.org/CD007845/ENDOC_momordica-charantia-for-type-2-diabetes-mellitus,,,20
black cohosh,,2,menopause,women,plant / herb,,"530,000",black cohosh menopause,Insufficient evidence to claim that black cohosh improves menopause symptoms. ,,Cochrane,http://www.cochrane.org/CD007244/MENSTR_black-cohosh-cimicifuga-spp.-for-menopausal-symptoms,http://www.cochrane.org/CD007244/MENSTR_black-cohosh-cimicifuga-spp.-for-menopausal-symptoms,,,21
black tea,,1,cancer prevention,cancer,plant / herb,,"151,000,000",black tea cancer,Reviews have found no association between black tea and ovarian or breast cancer risk.,,Nutrition and Cancer,http://www.tandfonline.com/doi/abs/10.1080/01635581.2014.936947#.Va-yTBNVhBc,,http://www.tandfonline.com/doi/abs/10.1080/01635581.2014.936947#.Va-yTBNVhBc,,22
borage seed oil,,4,rheumatoid arthritis,musculoskeletal,plant / herb,,"93,300",rheumatoid arthritis,"Improves pain and function, and probably has no adverse effects. ",,Cochrane,http://www.cochrane.org/CD002948/MUSKEL_herbal-therapy-for-rheumatoid-arthritis,http://www.cochrane.org/CD002948/MUSKEL_herbal-therapy-for-rheumatoid-arthritis,,,23
borage seed oil,,1,eczema,eye & skin,plant / herb,,"1,420,000",evening primrose oil eczema,A review of 27 studies found no evidence of efficacy.,,Cochrane,https://www.cochrane.org/CD004416/SKIN_oral-evening-primrose-oil-and-borage-oil-eczema,,,,
bromelain,,3,arthritis,musculoskeletal,enzyme,,"571,000",bromelain arthritis,Bromelain reduces arthritis symptoms. More research into dosage and side effects required. ,,"Annals of Internal Medicine
Common Knowledge",http://commons.pacificu.edu/pa/475/,,http://commons.pacificu.edu/pa/475/,http://www.ncbi.nlm.nih.gov/pubmed/15841258,24
butterbur,petasites hybridus,2,migraines,pain,plant / herb,,"59,700",butterbur migraines,Butterbur extract may lower the frequency and severity of migraines.,,Neurology,http://www.neurology.org/content/78/17/1346.short,,http://www.neurology.org/content/78/17/1346.short,,25
caffeine,,5,memory,cognition,compound,,"34,200,000",caffeine memory,Enhances consolidation of long term memories. Improves memory in young adults during their non-optimal time of day (mornings). ,,"Borota et al 2014, Frontiers in Psychology",http://www.ncbi.nlm.nih.gov/pubmed/24413697,,,"http://www.ncbi.nlm.nih.gov/pubmed/24413697
https://www.frontiersin.org/articles/10.3389/fpsyg.2016.01764/full?utm_medium=google",26
caffeine,,2,skin cancer,cancer,compound,OTW,"19,300,000",caffeine skin cancer,Population studies shows women who consume more than three cups of coffee a day MAY have a lower cancer risk than people who drink less than one cup per month. ,,Song et al. 2012,http://cancerres.aacrjournals.org/content/72/13/3282,,,http://cancerres.aacrjournals.org/content/72/13/3282,27
caffeine,,2,"alzheimer's disease, dementia",mental health,plant / herb,,"4,110,000",caffeine dementia,Caffiene appears to slow cognitive decline and prevent Alzheimer's. But the results are not definitive. ,,Santos et al 2010,http://www.ncbi.nlm.nih.gov/pubmed/20182026,,http://www.ncbi.nlm.nih.gov/pubmed/20182026,,28
calcium,,4,blood pressure,cardio,mineral,,"101,000,000",calcium blood pressure,"High quality evidence has shown that extra calcium can slightly reduce blood pressure, especially in people younger than 35. ",,Cochrane,http://www.cochrane.org/CD010037/HTN_extra-calcium-to-prevent-high-blood-pressure,http://www.cochrane.org/CD010037/HTN_extra-calcium-to-prevent-high-blood-pressure,,,29
calcium,,4,colorectal cancer,cancer,mineral,,"10,700,000",calcium colorectal cancer,"No evidence that calcium supplementation stops colorectal cancer itself, but it does inhibit potentially pre-cancerous colorectal polyps (adenomatous polyps) ",,Cochrane,http://www.cochrane.org/CD003548/COLOCA_daily-intake-of-1-gr-dietary-calcium-may-have-moderate-protective-effect-on-development-of-colorectal-adenomatous-polyps,http://www.cochrane.org/CD003548/COLOCA_daily-intake-of-1-gr-dietary-calcium-may-have-moderate-protective-effect-on-development-of-colorectal-adenomatous-polyps,,,30
calcium,,3,osteoporosis in postmenopausal women,"musculoskeletal, women",mineral,,"3,710,000",calcium postmenopausal osteoporosis,"Calcium supps might help to prevent fractures, although the results have been contradictory.",,PubMed,http://www.ncbi.nlm.nih.gov/pubmed/21289325,,http://www.ncbi.nlm.nih.gov/pubmed/21289325,,31
calcium + vit. D,,5,bone health,musculoskeletal,mineral,,"43,900,000",calcium vitamin d bone health,"A review of 8 studies including 30,970 participants found that calcium plus vitamin D supplementation reduced total fracture risk by 15% and hip fracture risk by 30%. ",,Osteoporosis International,https://link.springer.com/article/10.1007/s00198-015-3386-5,,https://link.springer.com/article/10.1007/s00198-015-3386-5,,32
calcium + vit. D,,2,"breast cancer in premenopausal women, cancer","cancer, women",mineral,,"52,100,000",calcium vitamin D cancer,There is no firm evidence that calcium and vitamin D supplementation decreases cancer risk. ,,Cochrane,http://onlinelibrary.wiley.com/doi/10.1002/14651858.CD007469.pub2/abstract,http://onlinelibrary.wiley.com/doi/10.1002/14651858.CD007469.pub2/abstract,http://www.cancer.gov/about-cancer/causes-prevention/risk/diet/vitamin-d-fact-sheet#q3,,33
cannabis,,4,nausea  ,cancer,plant / herb,,"703,000",cannabis chemotherapy nausea,Promising evidence showing a reduction in nausea and vomiting caused by chemotherapy. The FDA has approved 2 synthetic cannabis drugs for treating chemo-related nausea. ,,"Cochrane, NAP",http://www.cochrane.org/CD009464/GYNAECA_cannabis-based-medicine-nausea-and-vomiting-people-treated-chemotherapy-cancer,http://www.cochrane.org/CD009464/GYNAECA_cannabis-based-medicine-nausea-and-vomiting-people-treated-chemotherapy-cancer,https://www.nap.edu/read/24625/chapter/4#53,,34
cannabis,,3,glaucoma,eye & skin,plant / herb,,"1,490,000",cannabis glaucoma,"Definitely lowers eye pressure, but only temporarily (3-4hrs). Since Glaucoma is a long-term disease, a LOT of cannabis would be required to maintain low pressure levels. Also, cannabis might cause additional damage to the eye by restricting blood flow to the optic nerve. ",,American Glaucoma Society,https://community.americanglaucomasociety.net/about/statements,,,https://community.americanglaucomasociety.net/about/statements,35
cannabis,,5,Multiple Sclerosis (MS),neurological,plant / herb,,"22,700,000",cannabis Multiple Sclerosis MS,"2 studies involving a total of 790 subjects showed positive results. Improved muscle spasms, pain, sleep quality, and mobility. Cannabis-based drug Sativex is approved for use in MS patients in 30 countries.",,Journal of Ethnopharmacology,http://www.sciencedirect.com/science/article/pii/S0378874106000821,,,http://www.sciencedirect.com/science/article/pii/S0378874106000821,36
cannabis,,4,chronic pain,pain,plant / herb,,"79,400,000",cannabis pain,Several good quality trials have shown cannabinoids to be modestly effective in treating chronic pain. The harms and side-effects may outweigh the benefits though. Larger and longer trials needed. ,,"British Journal of Clinical Pharmacology, Cochrane",https://www.cochranelibrary.com/cdsr/doi/10.1002/14651858.CD012182.pub2/full?highlightAbstract=cannabis&highlightAbstract=cannabi,https://www.cochranelibrary.com/cdsr/doi/10.1002/14651858.CD012182.pub2/full?highlightAbstract=cannabis&highlightAbstract=cannabi,http://onlinelibrary.wiley.com/doi/10.1111/j.1365-2125.2011.03970.x/full,,37
capsaicin,,1,non-allergic rhinitis,general health,plant / herb,,"89,900",capsaicin non allergic rhinitis,"Capsaicin comes from chili peppers. Evidence has found that inhaling 4 micrograms at least 5 times a day can reduce inflammation, but the quality of the evidence is low. Who wants to inhale chilli?",,Cochrane,http://www.cochrane.org/CD010591/ENT_capsaicin-non-allergic-rhinitis,http://www.cochrane.org/CD010591/ENT_capsaicin-non-allergic-rhinitis,,,38
carnosine,,1,anti-aging,general health,compound,,"292,000",carnosine anti aging,"Promising results in mice and in cell studies, but no human trials yet. ",,Molecules in Focus,http://www.sciencedirect.com/science/article/pii/S1357272598000600,,,http://www.sciencedirect.com/science/article/pii/S1357272598000600,39
cat's claw,,1,cancer,cancer,plant / herb,,"526,000",cat's claw cancer,No human trials. ,,Anticancer Research,http://europepmc.org/abstract/med/11724307,,,http://europepmc.org/abstract/med/11724307,40
chamomile,,1,bowel disorders,digestion,plant / herb,,"765,000",chamomile bowel disorder,No high-quality human trials. ,,Der Pharma Chemica,https://www.derpharmachemica.com/abstract/chamomile-efficacy-in-patients-of-the-irritable-bowel-syndrome-6898.html,,,https://www.derpharmachemica.com/abstract/chamomile-efficacy-in-patients-of-the-irritable-bowel-syndrome-6898.html,41
"chocolate, dark",,3,blood pressure,cardio,plant / herb,OTW,"26,800,000",dark chocolate blood pressure,"Chemicals known as flavanols, found in cocoa products, are thought to widen blood vessels and cause a minor drop in blood pressure. Further trials are needed to ascertain long-term efficacy. Does not apply to mllk chocolate.",,Cochrane,http://onlinelibrary.wiley.com/doi/10.1002/14651858.CD008893.pub2/abstract,http://onlinelibrary.wiley.com/doi/10.1002/14651858.CD008893.pub2/abstract,,,42
chlorella,(algae),4,"blood pressure, cholesterol, cardiovascular disease",cardio,alga,,"948,000",chlorella blood pressure,"Significantly decreases blood pressure, blood glucose, and some cholesterols.","Meta-analysis on 19 RCTs with 797 subjects indicated that Chlorella administration significantly decreased the levels of total cholesterol, low-density lipoprotein cholesterol, systolic blood pressure, diastolic blood pressure, and fasting blood glucose whereas changes in triglycerides, high-density lipoprotein cholesterol, and body mass index were not statistically significant.",Clinical Nutrition,https://www.clinicalnutritionjournal.com/article/S0261-5614(17)31351-1/fulltext,,https://www.clinicalnutritionjournal.com/article/S0261-5614(17)31351-1/fulltext,,43
chromium,,2,diabetes,diabetes,mineral,OTW,"7,520,000",chromium diabetes,"Might lower blood glucose levels. It might also help with fat loss, which could benefit those with diabetes. ",,Cochrane,http://www.cochrane.org/CD010063/ENDOC_chromium_picolinate_supplementation_for_overweight_or_obese_people,http://www.cochrane.org/CD010063/ENDOC_chromium_picolinate_supplementation_for_overweight_or_obese_people,,,44
cinnamon,,1,diabetes,diabetes,plant / herb,,"24,200,000",cinnamon diabetes,No more effective than placebo in controlling glucose levels. ,,Cochrane,http://www.cochrane.org/CD007170/ENDOC_cinnamon-for-diabetes-mellitus,http://www.cochrane.org/CD007170/ENDOC_cinnamon-for-diabetes-mellitus,,,45
coconut oil,,3,obesity,"cardio, general health",plant / herb,,"10,100,000",coconut oil obesity,"30ml of coconut oil per day might help to reduce waist size, but possibly because the fat in coconut oil isn't as easily stored.",,Cochrane,http://onlinelibrary.wiley.com/o/cochrane/clcentral/articles/529/CN-00721529/frame.html,,,http://onlinelibrary.wiley.com/o/cochrane/clcentral/articles/529/CN-00721529/frame.html,46
coffee,,6,heart disease,cardio,plant / herb,,"134,000,000",coffee heart disease,"A metastudy found that the more coffee a person drinks, the lower their risk of cardiovascular disease. The optimum amount of coffee for this benefit was 3-5 per day. ",,Epidemiology and Prevention,http://circ.ahajournals.org/content/129/6/643.long,,http://circ.ahajournals.org/content/129/6/643.long,,47
coffee,,3,mortality,general health,plant / herb,,"54,600,000",coffee mortality,"A large statistical study of over 650,000 people found that coffee drinking reduced all cause mortality, whether it was instant, ground, or decaffeinated. ",,JAMA International Medicine,https://jamanetwork.com/journals/jamainternalmedicine/article-abstract/2686145,,,https://jamanetwork.com/journals/jamainternalmedicine/article-abstract/2686145,48
colostrinin,,1,alzheimer's disease,mental health,compound,OTW,"8,280",colostrinin alzheimer's disease,A few small human studies suggest possible effects on Alzheimers.,,The Journal of Nutritional Health and Aging,http://www.ncbi.nlm.nih.gov/pubmed?term=new%20insights%20colostrinin,,,http://www.ncbi.nlm.nih.gov/pubmed?term=new%20insights%20colostrinin,49
CoQ10,ubiquinol,3,diabetes,diabetes,enzyme,,"1,190,000",CoQ10 diabetes,"CoQ10 improves insulin secretion in those with type 2 diabetes. However, human trials have been tiny.  ",,Biofactors,http://onlinelibrary.wiley.com/doi/10.1002/biof.1038/abstract?userIsAuthenticated=false&deniedAccessCustomisedMessage=,,,http://onlinelibrary.wiley.com/doi/10.1002/biof.1038/abstract?userIsAuthenticated=false&deniedAccessCustomisedMessage=,50
CoQ10,ubiquinol,1,migraine,pain,enzyme,,"340,000",CoQ10 migraine,Some tentative evidence on migraine sensitivity. But much more research needed.,,Sage,http://cep.sagepub.com/content/31/8/897.short,,,http://cep.sagepub.com/content/31/8/897.short,51
CoQ10,,1,blood pressure,cardio,enzyme,,"1,390,000",coq10 blood pressure,Pooled data from two trials showed that CoQ10 did not affect blood pressure compared to placebo.,,Cochrane,http://www.cochrane.org/CD007435/HTN_coenzyme-q10-high-blood-pressure,http://www.cochrane.org/CD007435/HTN_coenzyme-q10-high-blood-pressure,,,52
cranberry,"cranberry juice, cranberries",1,urinary tract infections,"urinary, women",plant / herb,,"880,000",cranberry urinary tract infections,No statistically significant evidence that cranberry juice or supplements prevent UTIs. ,,Cochrane,http://www.cochrane.org/CD001321/RENAL_cranberries-for-preventing-urinary-tract-infections,http://www.cochrane.org/CD001321/RENAL_cranberries-for-preventing-urinary-tract-infections,,,53
creatine & CoQ10 ,,3,cognition,mental health,compound,,"326,000",creatine CoQ10 cognition,"Creatine doesn't have a significant effect in those with normal brain function, but it can benefit those with impaired brain function when combined with CoQ10. ",,European Neurology,http://www.karger.com/Article/Abstract/377676,,,http://www.karger.com/Article/Abstract/377676,54
dandelion,dandelion soup,3,tonsillitis,infections,plant / herb,,"338,000",dandelion tonsillitis,"Dandelion might have antimicrobial properties, which could help with throat infections. ",,Evidence-Based Health Care,http://onlinelibrary.wiley.com/doi/10.1002/14651858.CD004877.pub3/abstract,,,http://onlinelibrary.wiley.com/doi/10.1002/14651858.CD004877.pub3/abstract,55
devil's claw,,4,arthritis,musculoskeletal,plant / herb,,"226,000",devil's claw arthritis,Devil's Claw extract can reduce lower back pain by blocking the pathways that cause joint inflammation. ,,Cochrane,http://onlinelibrary.wiley.com/doi/10.1002/14651858.CD004504.pub4/abstract,http://onlinelibrary.wiley.com/doi/10.1002/14651858.CD004504.pub4/abstract,,,56
DHEA,,3,memory in young men,"cognition, men",compound,OTW,"2,000,000",DHEA memory,DHEA might improve memory in young men. ,,Cochrane,http://www.cochrane.org/CD006221/DEMENTIA_no-current-evidence-for-an-improvement-in-memory-or-other-aspects-of-cognitive-function-of-non-demented-older-people-following-dhea-supplements,http://www.cochrane.org/CD006221/DEMENTIA_no-current-evidence-for-an-improvement-in-memory-or-other-aspects-of-cognitive-function-of-non-demented-older-people-following-dhea-supplements,,,57
DHEA,,1,ageing,general health,compound,,"260,000",DHEA ageing,"DHEA has no beneficial impact on body composition, performance etc. ",,PubMed,http://www.ncbi.nlm.nih.gov/pubmed/17050889,,,http://www.ncbi.nlm.nih.gov/pubmed/17050889,58
dong quai,,0,menopause in breast cancer patients,"cancer, reproductive",plant / herb,,"343,000",dong quai menopause,HARMFUL. Long term safety data is non-existent. May increase risk of cancer.,,Lau et al. 2005,http://www.ncbi.nlm.nih.gov/pubmed/20833608,,http://www.ncbi.nlm.nih.gov/pubmed/20833608,http://www.ncbi.nlm.nih.gov/pubmed/16278617?dopt=Abstract,59
echinacea,,3,colds,infections,plant / herb,,"743,000",echinacea colds,"Echinacea might have a slight impact on preventing and treating colds, but the results are statistically insignificant. ",,Cochrane,http://www.cochrane.org/CD000530/ARI_echinacea-for-preventing-and-treating-the-common-cold,http://www.cochrane.org/CD000530/ARI_echinacea-for-preventing-and-treating-the-common-cold,,,60
ecklonia cava seaweed ,,3,"cholesterol, weight loss","weight control, cardio",alga,,"62,600",ecklonia cava cholesterol,There's evidence that seaweed supplements can combat several mechanisms behind the onset of cardiovascular disease. Ecklonia in particular has been shown to decrease cholesterol.,A review suggests there is evidence that diet supplementation with whole macroalgae or products of macroalgae origin can ameliorate several mechanisms underlying the onset and propagation of CVDs. One study of ecklonia cava in particular (80 subjects) concluded that ECE supplementation improved blood lipid profiles through decreasing total cholesterol and LDL-cholesterol levels which are known as major cardiovascular risk factors. More studies are needed to establish the long-term safety and effectiveness.,Marine Drugs,https://www.mdpi.com/1660-3397/13/11/6838/htm,,https://www.mdpi.com/1660-3397/13/11/6838/htm,,61
eggshell membrane,,5,"joints, arthritis",general health,other,,"148,000",eggshell membrane arthritis,Egg shell membrane eases joints by increasing cell production and decreasing inflammation. 500mg a day gives rapid results. ,,Cochrane,http://onlinelibrary.wiley.com/o/cochrane/clcentral/articles/993/CN-00718993/frame.html,,,http://onlinelibrary.wiley.com/o/cochrane/clcentral/articles/993/CN-00718993/frame.html,62
elderberry,,1,flu,infections,plant / herb,OTW,"1,740,000",elderberry flu,Eelderberry extract Sambucol may be useful for the treatment of viral influenza infections. More rigorous studies needed.,,Phytotherapy Research,http://www.actahort.org/books/1061/1061_12.htm,,http://www.ncbi.nlm.nih.gov/pubmed/19548290,http://www.actahort.org/books/1061/1061_12.htm,63
elk velvet antler,,1,rheumatoid arthritis,musculoskeletal,animal product,,"45,300",elk velvet antler arthritis,No good quality evidence for elk velvet antler as a treatment for arthritis.,Claims made for velvet antler supplements do not appear to be based upon rigorous research from human trials.,The New Zealand Medical Journal,http://majsivi.wdfiles.com/local--files/2012:1214/Gilbey2012.pdf,,http://majsivi.wdfiles.com/local--files/2012:1214/Gilbey2012.pdf,,64
evening primrose oil,,1,PMS,"reproductive, women",plant / herb,,"692,000",evening primrose oil PMS,Evening primrose oil is no more effective than placebo. ,,Journal of Psychosomatic Obstetrics and Gynecology,http://www.tandfonline.com/doi/abs/10.3109/0167482X.2010.538102#.Vcnzd5NVhBc,,http://www.tandfonline.com/doi/abs/10.3109/0167482X.2010.538102#.Vcnzd5NVhBc,,65
evening primrose oil,,1,eczema,eye & skin,plant / herb,,"1,420,000",evening primrose oil eczema,A review of 27 studies found no evidence of efficacy.,,Cochrane,https://www.cochrane.org/CD004416/SKIN_oral-evening-primrose-oil-and-borage-oil-eczema,,,,
feverfew,,5,migraine,pain,plant / herb,,"8,970,000",fish oil omega 3 low sperm count,Feverfew reduces migraine frequency by just over half a migraine a month. ,,Cochrane,http://www.cochrane.org/CD002286/SYMPT_feverfew-for-preventing-migraine,http://www.cochrane.org/CD002286/SYMPT_feverfew-for-preventing-migraine,,,66
fish oil / omega 3,,2,cystic fibrosis,general health,compound,,"9,790,000",fish oil omega 3 cystic fibrosis,Evidence is poor.,,Cochrane,https://www.cochrane.org/CD002201/CF_use-omega-3-supplements-people-cystic-fibrosis,http://www.cochrane.org/CD002201/CF_use-omega-3-supplements-people-cystic-fibrosis,,,67
fish oil / omega 3,,1,"Alzheimer's, dementia",mental health,compound,,"2,650,000",fish oil omega 3 Alzheimer's,"In the largest and longest study of its kind, researchers found that fish oil/omega 3 had no statistically significant impact on cognitive decline.",,The Journal of the American Medical Association,http://jama.jamanetwork.com/article.aspx?articleid=2429713,,,http://jama.jamanetwork.com/article.aspx?articleid=2429713,68
fish oil / omega 3,,1,asthma,respiratory,compound,,"3,950,000",fish oil omega 3 asthma,Review of trials found that people with asthma changing their diets to include more fish oil DID NOT improve their asthma.,,Cochrane,https://www.cochranelibrary.com/cdsr/doi/10.1002/14651858.CD001283/abstract,https://www.cochranelibrary.com/cdsr/doi/10.1002/14651858.CD001283/abstract,,http://erj.ersjournals.com/content/16/5/861.short,69
fish oil / omega 3,,2,cancer symptoms,cancer,compound,,"159,000,000",fish oil omega 3 cancer symptoms,Fish oil can counter chemotherapy-related damage to white blood cells. ,,Lipids,http://link.springer.com/article/10.1007/s11745-011-3643-0#page-2,,,http://link.springer.com/article/10.1007/s11745-011-3643-0#page-2,70
fish oil / omega 3,,2,child intelligence,"mental health, children",compound,,"31,900,000",fish oil omega 3 child intelligence,Fish oil supplementation has a very minor positive impact on some measures of learning and performance.,,PubMed,http://www.ncbi.nlm.nih.gov/pubmed/20171055,,,http://www.ncbi.nlm.nih.gov/pubmed/20171055,71
fish oil / omega 3,,3,colorectal cancer,cancer,compound,,"47,600,000",fish oil omega 3 colorectal cancer,It is thought that omega 3 reduces the risk of colorectal cancer and is effective in its treatment. ,,PubMed,https://www.ncbi.nlm.nih.gov/pmc/articles/PMC7373878/,,https://www.ncbi.nlm.nih.gov/pmc/articles/PMC7373878/,http://gut.bmj.com/content/early/2011/04/13/gut.2010.233718.full.pdf+html?hwshib2=authn%3A1439389225%3A20150811%253Aa4d0ff88-5170-49d2-91d9-7d94a4d81dd6%3A0%3A0%3A0%3Aa7F3BE99QRz8a3GQ7Dlevw%3D%3D,72
fish oil / omega 3,,1,Crohn's disease,digestion,compound,,"31,800,000",fish oil omega 3 Crohn's disease,No beneficial effect for those with Crohn's Disease.,,Cochrane,http://www.cochrane.org/reviews/en/ab006320.html,http://www.cochrane.org/reviews/en/ab006320.html,,,73
fish oil / omega 3,,1,low sperm count,reproductive,compound,,"15,200,000",fish oil omega 3 diabetes,A small study of 211 men it was found that omega 3 supplementation significantly increased sperm count. ,,Cochrane,http://onlinelibrary.wiley.com/o/cochrane/clcentral/articles/203/CN-00780203/frame.html,,,http://onlinelibrary.wiley.com/o/cochrane/clcentral/articles/203/CN-00780203/frame.html,74
fish oil / omega 3,,1,diabetes,diabetes,compound,,"15,200,000",fish oil omega 3 diabetes,Probably no beneficial effect for those with type 2 diabetes. ,,Cochrane,http://www.cochrane.org/CD003205/ENDOC_omega-3-polyunsaturated-fatty-acids-pufa-for-type-2-diabetes-mellitus,http://www.cochrane.org/CD003205/ENDOC_omega-3-polyunsaturated-fatty-acids-pufa-for-type-2-diabetes-mellitus,,,75
fish oil / omega 3,,0,prostate cancer,cancer,compound,,"1,610,000",fish oil omega 3 prostate cancer,HAMRFUL? Recent studies have linked fish oil intake with increased prostate cancer risk.,,Journal of the National Cancer Institutue.,http://jnci.oxfordjournals.org/content/early/2013/07/09/jnci.djt174.abstract,,,http://jnci.oxfordjournals.org/content/early/2013/07/09/jnci.djt174.abstract,76
fish oil / omega 3,,2,psychosis,mental health,compound,,"440,000",omega 3 fish oil psychosis,"In one study, supplementation delayed the onset of psychosis in those on track to develop certain mental health conditions. ",,Nature Communications,http://www.nature.com/ncomms/2015/150811/ncomms8934/full/ncomms8934.html,,,http://www.nature.com/ncomms/2015/150811/ncomms8934/full/ncomms8934.html,77
fish oil / omega 3,,2,depression,mental health,compound,,"6,800,000",fish oil omega 3 depression,Low quality evidence. ,,Cochrane,http://www.cochrane.org/CD004692/DEPRESSN_omega-3-fatty-acids-depression-adults,http://www.cochrane.org/CD004692/DEPRESSN_omega-3-fatty-acids-depression-adults,,,78
fish oil / omega 3 (in pregnancy),,5,preterm birth,reproductive,compound,,"212,000,000",fish oil omega 3 preterm birth,A meta-analysis concluded that preterm birth & early preterm birth were reduced in women receiving omega-3. ,,Cochrane,https://www.cochrane.org/CD003402/PREG_omega-3-fatty-acid-addition-during-pregnancy,https://www.cochrane.org/CD003402/PREG_omega-3-fatty-acid-addition-during-pregnancy,,,79
flax seeds,,1,breast cancer,"cancer, women",plant / herb,,"1,320,000",flax seeds breast cancer,Population studies indicate a slight possibility flaxeed could reduce breast cancer tumour growth. No controlled trials have been carried out.,,Cancer Causes Control,http://link.springer.com/article/10.1007/s10552-013-0155-7#page-2,,,http://link.springer.com/article/10.1007/s10552-013-0155-7#page-2,80
folic acid,,5,birth defects,children,vitamin,,"1,780,000",folic acid birth defects,"Folic acid helps to prevent birth defects, but timing of supplementation is important. ",,Cochrane,http://onlinelibrary.wiley.com/doi/10.1002/14651858.CD007950.pub2/full,http://onlinelibrary.wiley.com/doi/10.1002/14651858.CD007950.pub2/full,,,81
folic acid,,0,cancer,cancer,vitamin,,"19,000,000",folic acid cancer,POTENTIALLY HARMFUL. When combined with vitamin B12 can be associated with increased cancer risk.,,Cochrane,https://www.ncbi.nlm.nih.gov/pmc/articles/PMC7527439/,,https://www.ncbi.nlm.nih.gov/pmc/articles/PMC7527439/,http://onlinelibrary.wiley.com/o/cochrane/clsysrev/articles/CD007950/frame.html,82
GABA,,3,"stress, anxiety",mental health,compound,,"3,880,000",gaba stress anxiety,Some suggestive evidence for effect on anxiety & stress.,,Frontiers in Neuroscience,https://www.ncbi.nlm.nih.gov/pmc/articles/PMC7527439/,https://www.ncbi.nlm.nih.gov/pubmed/29168225,https://www.ncbi.nlm.nih.gov/pubmed/29168225,http://www.ncbi.nlm.nih.gov/pmc/articles/PMC3985106/,83
garlic,,1,blood pressure,cardio,plant / herb,,"24,700,000",garlic blood pressure,"Garlic might reduce blood pressure, but further research is required.",,Cochrane,http://www.cochrane.org/CD007653/HTN_garlic-for-hypertension,http://www.cochrane.org/CD007653/HTN_garlic-for-hypertension,,,84
garlic,aged garlic extract,2,cancer treatment,cancer,vegetable,,"19,300,000",garlic cancer treatment,"Due to anticancer properties of aged garlic, its consumption along with healthy diet may have beneficial effects on cancer. More clinical trials necessary.",,International Journal of Preventative Medicine,https://www.ncbi.nlm.nih.gov/pmc/articles/PMC6212616/,,https://www.ncbi.nlm.nih.gov/pmc/articles/PMC6212616/,,85
garlic ,,3,cancer prevention,cancer,plant / herb,,"8,080,000",garlic cancer prevention,"Garlic might prevent certain cancers, but there is a lack of clinical trial evidence. The WHO recommends consuming at least one clove a day for general health benefits. ",,National Cancer Institute,http://www.cancer.gov/cancertopics/factsheet/Prevention/garlic-and-cancer-prevention,,http://www.cancer.gov/cancertopics/factsheet/Prevention/garlic-and-cancer-prevention,,86
garlic ,,1,colds,infections,plant / herb,,"3,370,000",garlic colds,Insufficient evidnce for effects on the common cold.,,Cochrane: Garlic for the common cold,https://www.cochranelibrary.com/cdsr/doi/10.1002/14651858.CD006206.pub4/full?highlightAbstract=withdrawn%7Cgarlic%7Ccold,https://www.cochranelibrary.com/cdsr/doi/10.1002/14651858.CD006206.pub4/full?highlightAbstract=withdrawn%7Cgarlic%7Ccold,,,87
ginger,,4,nausea and vomiting,digestion,plant / herb,,"10,100,000",ginger nausea,Ginger prevents nausea and vomitting for some people in certain circumstances.,,Annals of Oncology,https://www.ncbi.nlm.nih.gov/pmc/articles/PMC3995184/,,https://www.ncbi.nlm.nih.gov/pmc/articles/PMC3995184/,https://academic.oup.com/annonc/article/28/10/2547/3896339,88
gingko biloba,,1,dementia,mental health,plant / herb,,"428,000",ginkgo biloba dementia,Insufficient clinical trial evidence for the use of ginkgo bilboa as a treatment for dementia.,,University of Oxford Medical Sciences Division,http://www.ncbi.nlm.nih.gov/pubmed/20040554,,,http://www.ncbi.nlm.nih.gov/pubmed/20040554,89
ginseng,,1,cognitive performance,mental health,plant / herb,,"797,000",ginseng cognitive function,"No convincing evidence for ginseng enhancing cognition in healthy people, and only low quality evidence that it helps dementia patients. ",,Cochrane,http://www.cochrane.org/CD007769/DEMENTIA_no-convincing-evidence-of-a-cognitive-enhancing-effect-of-panax-ginseng.,http://www.cochrane.org/CD007769/DEMENTIA_no-convincing-evidence-of-a-cognitive-enhancing-effect-of-panax-ginseng.,,,90
glucosamine,,3,"arthritis, joint pain",musculoskeletal,compound,,"4,830,000",glucosamine arthritis,"Studies using a specific brand of glucosamine (Rotta) found that patients' pain decreased. However, studies using other brands found no difference between glucosamine and placebo. ",,Cochrane,http://www.cochrane.org/CD002946/MUSKEL_glucosamine-for-osteoarthritis,http://www.cochrane.org/CD002946/MUSKEL_glucosamine-for-osteoarthritis,,,91
glutamine,l-glutamine,1,gastrointestinal disease in infants,"digestion, children",compound,,"1,850,000",glutamine gastrointestinal disease,Insufficient evidence to determine whether glutamine supplements are beneficial or harmful.,,Cochrane,https://www.cochranelibrary.com/cdsr/doi/10.1002/14651858.CD005947.pub4/full?highlightAbstract=disease%7Cinfants%7Cglutamin%7Cgastrointestin%7Cyoung%7Cfor%7Csupplementation%7Cwithdrawn%7Cdiseas%7Cglutamine%7Cinfant%7Cgastrointestinal%7Cwith%7Csever%7Cfour%7Csupplement%7Csevere,https://www.cochranelibrary.com/cdsr/doi/10.1002/14651858.CD005947.pub4/full?highlightAbstract=disease%7Cinfants%7Cglutamin%7Cgastrointestin%7Cyoung%7Cfor%7Csupplementation%7Cwithdrawn%7Cdiseas%7Cglutamine%7Cinfant%7Cgastrointestinal%7Cwith%7Csever%7Cfour%7Csupplement%7Csevere,,,92
glutamine,,1,mortality in preterm infants,general health,compound,,"248,000",glutamine preterm,No evidence. ,,Cochrane,http://www.cochrane.org/CD001457/NEONATAL_glutamine-supplementation-prevent-morbidity-and-mortality-preterm-infants,http://www.cochrane.org/CD001457/NEONATAL_glutamine-supplementation-prevent-morbidity-and-mortality-preterm-infants,,,93
goji berry,wolfberry,1,eye health,eye & skin,plant / herb,,"1,880,000",goji berry eye health,Supplementation for 90 days appeared to show some improvements in eye-health for seniors. But more research is needed. ,,Optometry and Vision Science,http://journals.lww.com/optvissci/Abstract/2011/02000/Goji_Berry_Effects_on_Macular_Characteristics_and.12.aspx,,,http://journals.lww.com/optvissci/Abstract/2011/02000/Goji_Berry_Effects_on_Macular_Characteristics_and.12.aspx,94
grape seed extract,,1,"wound healing, swelling",pain,plant / herb,,"735,000",grape seed extract wound healing,Some preliminary evidence  ,,Examine.com,https://examine.com/supplements/grape-seed-extract/,,,http://www.ccsenet.org/journal/index.php/gjhs/article/view/40015,95
green tea,,3,cancer prevention,cancer,plant / herb,,"25,800,000",green tea cancer prevention,"The evidence is conflicting. However, drinking 3-5 cups a day might have general health benefits. ",,Cochrane,http://www.cochrane.org/reviews/en/ab005004.html,,,http://www.cochrane.org/reviews/en/ab005004.html,96
green tea,,2,cholesterol,cardio,plant / herb,,"50,000,000",green tea cholesterol,"Might help to reduce total cholesterol levels, but trials were small and exposed to bias. ",,Cochrane,http://www.cochrane.org/CD009934/VASC_green-and-black-tea-to-prevent-cardiovascular-disease,http://www.cochrane.org/CD009934/VASC_green-and-black-tea-to-prevent-cardiovascular-disease,,,97
hawthorn,crataegus spp.,3,"blood pressure, cardiovascular disease",cardio,fruit,,"18,400,000",hawthorn heart,"Mixed results, with some studies showing no effect and others suggesting positive benefits. Larger, longer-term trials are needed.","Mixed results, with some studies showing no effect and others suggesting positive benefits. Larger, longer-term randomized clinical trials are needed.",Cochrane; BMC Complementary and Alternative Medicine; Phytotherapy Research,https://www.cochranelibrary.com/cdsr/doi/10.1002/14651858.CD005312.pub2/abstract,https://www.cochranelibrary.com/cdsr/doi/10.1002/14651858.CD005312.pub2/abstract,,"https://bmccomplementalternmed.biomedcentral.com/articles/10.1186/1472-6882-12-26
https://onlinelibrary.wiley.com/doi/abs/10.1002/ptr.947
https://onlinelibrary.wiley.com/doi/abs/10.1002/ptr.6094",98
hawthorn ,crataegus spp.,5,chronic heart failure,cardio,fruit,,"1,070,000",hawthorn heart failure,Hawthorn improves heart function in those with chronic heart failure.,"Randomized, controlled trials in patients with heart failure have demonstrated that hawthorn increases functional capacity, alleviates disabling symptoms, and improves health-related quality of life. It has a very favourable safety profile both as monotherapy and add-on therapy.",American Journal of Cardiovascular Drugs,https://link.springer.com/article/10.1007/s40256-017-0249-9,,https://link.springer.com/article/10.1007/s40256-017-0249-9,,99
horsetail ,"Equisetum arvense, shavegrass, common horsetail, field horsetail, tsukushi",2,osteoporosis,musculoskeletal,vegetable,,"98,600",horsetail osteoporosis,"A small, old study showed horsetail improved bone density in menopausal women.","Contains silicon, a mineral needed for bone health. An old (1999) study of menopausal women treated with titrated dry horsetail extract for 40 or 80 days showed improved bone density above placebo. Improvements were enhanced when the women took horsetail in combination with calcium.",,http://onlinelibrary.wiley.com/o/cochrane/clcentral/articles/095/CN-00415095/frame.html,,,http://onlinelibrary.wiley.com/o/cochrane/clcentral/articles/095/CN-00415095/frame.html,100
horse chestnut seed extract,,4,CVI,cardio,plant / herb,OTW,"104,000",horse chestnut seed extract chronic venous insufficiency,"Horse chestnut seed extract is effective in treating chronic venous insufficiency. However, further research is needed.",,Cochrane,http://www.cochrane.org/CD003230/PVD_horse-chestnut-seed-extract-for-long-term-or-chronic-venous-insufficiency,http://www.cochrane.org/CD003230/PVD_horse-chestnut-seed-extract-for-long-term-or-chronic-venous-insufficiency,,,101
hyaluronic acid,,2,arthritis (only when injected),musculoskeletal,compound,,"1,840,000",hyaluronic acid arthritis,"Injected hyaluronic acid might have a small effect in the treatment of osteoarthritis. However, the trials are biased and the results questionable. ",,PubMed,http://www.ncbi.nlm.nih.gov/pubmed/14679274,,http://www.ncbi.nlm.nih.gov/pubmed/14679274,,102
iron,,4,child development (when not anaemic),"children, mental health, general health",mineral,,"185,000,000",iron child development -anaemia,"Iron supplementation in infants might benefit their psychomotor development, but not their mental or behavioural development.",,PubMed,http://www.ncbi.nlm.nih.gov/pubmed/20410098,,,http://www.ncbi.nlm.nih.gov/pubmed/20410098,103
iron + folic acid,,4,maternal and infant health,reproductive,compound,,"3,320,000",iron folic acid maternal infant,Reduces iron deficiency anaemia for pregnant women. The impact on babies is less clear. ,,Cochrane,http://www.cochrane.org/CD004736/PREG_effects-and-safety-preventive-oral-iron-or-iron-folic-acid-supplementation-women-during-pregnancy,http://www.cochrane.org/CD004736/PREG_effects-and-safety-preventive-oral-iron-or-iron-folic-acid-supplementation-women-during-pregnancy,,,104
kava,,2,anxiety,mental health,plant / herb,,"964,000",kava anxiety,"Might have a small but significant effect on anxiety, but more information is required about the safety of long-term use. ",,Cochrane,http://www.cochrane.org/CD003383/DEPRESSN_kava-extract-for-treating-anxiety,http://www.cochrane.org/CD003383/DEPRESSN_kava-extract-for-treating-anxiety,,,105
krill oil,,1,PMS,women,other,,"271,000",krill oil pms,Krill oil significantly reduced both emotional and physical PMS symptoms in one study.,,PubMed,http://www.ncbi.nlm.nih.gov/pubmed/12777162,,,http://www.ncbi.nlm.nih.gov/pubmed/12777162,106
L-arginine,,1,exercise performance,general health,compound,,"19,600,000",L arginine performance,"One study found that L-arginine had a significant beneficial impact on exercise performance. However, the trial was tiny. ",,Journal of Applied Psysiology,http://jap.physiology.org/cgi/content/abstract/japplphysiol.00503.2010v1,,,http://jap.physiology.org/cgi/content/abstract/japplphysiol.00503.2010v1,107
L-carnitine,,3,diabetes,diabetes,compound,,"2,900,000",l carnitine diabetes,May alleviate pain in patients with diabetic nerve issues (neuropathy). ,,Diabetes Care,http://care.diabetesjournals.org/content/28/1/89.short,,http://care.diabetesjournals.org/content/28/1/89.short,,108
L-lysine,,1,herpes,"sexual health, infections",compound,,"907,000",L lysine herpes,No evidence that lysine has a preventative effect on cold sores.  ,,Cochrane,http://www.cochrane.org/CD010095/SKIN_measures-preventing-cold-sores,http://www.cochrane.org/CD010095/SKIN_measures-preventing-cold-sores,,,109
lavender,,2,"depression, anxiety",mental health,plant / herb,,"31,900,000",lavender depression,Suggestive evidence for reduced anxiety. No effect on depression.,,Examine.com,https://examine.com/supplements/lavender/,,http://europepmc.org/abstract/med/21438645,,110
lavender,,1,"sleep, relaxation, anxiety",mental health,plant / herb,,"11,100,000",lavender relaxation sleep,"One small study found inhaling lavender before bed relieves sleepiness on waking in healthy adults, but the trial was tiny. ",,Perceptual and Motor Skills,http://www.amsciepub.com/doi/abs/10.2466/13.15.PMS.114.1.111-122,,,http://www.amsciepub.com/doi/abs/10.2466/13.15.PMS.114.1.111-122,111
leucine,,1,protein synthesis,general health,compound,,"10,300,000",leucine protein synthesis,"One study found drinking leucine solution while exercising speeds up recovery, but the trial was tiny. ",,Pasiakos et al. 2011,http://www.ncbi.nlm.nih.gov/pubmed/21775557,,,http://www.ncbi.nlm.nih.gov/pubmed/21775557,112
lingzhi + san miao san,,2,arthritis,musculoskeletal,plant / herb,,"17,800",lingzhi san miao san arthritis,"This combination of Chinese herbs may reduce pain, but does not provide any other significant benefits (e.g. antiinflammatory).",,American Journal of Clinical Nutrition,http://www.ncbi.nlm.nih.gov/pubmed/17907228,,,http://www.ncbi.nlm.nih.gov/pubmed/17907228,113
lutein ,,1,age-related macular degeneration (AMD),eye & skin,compound,,"5,390,000",lutein eye health,Taking lutein alone (or combined with zeaxanthin) may have little or no effect on progression to late AMD and vision loss (low-certainty evidence).,,Cochrane,http://onlinelibrary.wiley.com/doi/10.1002/14651858.CD000254.pub4/abstract,http://onlinelibrary.wiley.com/doi/10.1002/14651858.CD000254.pub4/abstract,,,114
lycopene,,2,prostate cancer,"cancer, men",compound,,"720,000",lycopene prostate cancer,Insufficient evidence to support or refute the use of lycopene in preventing prostate cancer. ,,Cochrane,http://www.cochrane.org/CD008007/PROSTATE_lycopene-for-the-prevention-of-prostate-cancer,http://www.cochrane.org/CD008007/PROSTATE_lycopene-for-the-prevention-of-prostate-cancer,,,115
magnesium,,3,blood pressure,cardio,mineral,,"49,300,000",magnesium blood pressure,Low levels of magnesium in the diet are linked to high blood pressure and cholesterol. Magnesium treatment might be effective as a preventative. ,,International Journal of Cardiology,http://www.sciencedirect.com/science/article/pii/S016752731501270X,,,http://www.sciencedirect.com/science/article/pii/S016752731501270X,116
magnesium + vitamin B6,,3,child ADHD,"mental health, children",vitamin,,"1,240,000",magnesium vitamin B6 child ADHD,Children with ADHD tend to have low magnesium and vitamin B6 levels. It's unclear whether supplementation reduces the symptoms of ADHD.,,Magnes Restauracja,https://www.ncbi.nlm.nih.gov/pubmed/22928358,,https://www.ncbi.nlm.nih.gov/pubmed/22928358,http://www.ncbi.nlm.nih.gov/pubmed/16846100,117
melatonin,,2,sleep disturbances ,mental health,compound,,"16,900,000",melatonin sleep,"Can help to regulate the body-clock and improve sleep. However, it does not affect all groups of people in the same way, and the evidence is low quality. ",,Cochrane,https://www.cochranelibrary.com/cdsr/doi/10.1002/14651858.CD009776.pub2/full?highlightAbstract=sleep%7Cwithdrawn%7Cmelatonin,,,https://www.cochranelibrary.com/cdsr/doi/10.1002/14651858.CD009776.pub2/full?highlightAbstract=sleep%7Cwithdrawn%7Cmelatonin,118
milk thistle,,2,"hepatitis, diabetes","general health, infections",plant / herb,,"2,040,000",milk thistle liver disease,"Might be beneficial in treating hepatitis and other liver diseases, and protecting the liver from the impact of diabetes. However, the trials were low quality. ",,Cochrane,http://www.cochrane.org/CD003620/LIVER_no-evidence-supporting-or-refuting-milk-thistle-for-alcoholic-andor-hepatitis-b-or-c-virus-liver-diseases,http://www.cochrane.org/CD003620/LIVER_no-evidence-supporting-or-refuting-milk-thistle-for-alcoholic-andor-hepatitis-b-or-c-virus-liver-diseases,,,119
mistletoe,,3,breast & neck cancers,cancer,plant / herb,OTW,"1,080,000",mistletoe supplement,Some preliminary evidence for improving quality of life in breast cancer patients. Evidence for other cancers is weak. More studies needed.,,Cochrane,https://www.cochranelibrary.com/cdsr/doi/10.1002/14651858.CD003297.pub2/full,,,,
MSM,,2,arthritis ,musculoskeletal,compound,,"2,160,000",MSM arthritis,"Associated with slight reduction in pain and improvement in function, but the results may not be clinically significant.  ",,BMC Complementary and Alternative Medicine,http://www.biomedcentral.com/1472-6882/11/50/,,,http://www.biomedcentral.com/1472-6882/11/50/,120
myo-inositol ,in pregnancy,4,gestational diabetes,diabetes,compound,,"52,600",myo-inositol gestational diabetes,Potential benefit for reducing the incidence of gestational diabetes.,,Cochrane,http://www.cochrane.org/CD011507/PREG_taking-myo-inositol-dietary-supplement-during-pregnancy-prevent-development-gestational-diabetes,http://www.cochrane.org/CD011507/PREG_taking-myo-inositol-dietary-supplement-during-pregnancy-prevent-development-gestational-diabetes,,,121
N-acetyl cysteine (NAC),,1,"OCD, addiction",mental health,other,,"291,000",NAC OCD,Problems with glutamate function in the brain are thought to affect addiction and compulsive behaviour. NAC might improve glutamate function.,,Clinical Psychopharmacology and Neuroscience,http://www.ncbi.nlm.nih.gov/pmc/articles/PMC4423164/,,http://www.ncbi.nlm.nih.gov/pmc/articles/PMC4423164/,,122
nettle,,1,prostate-related urinary problems,"urinary, men",plant / herb,,"410,000",nettles prostate,Might be effective in treating urinary issues in men by reducing inflammation. But we could find no recent studies.,,PubMed,http://www.ncbi.nlm.nih.gov/pubmed/16635963,,,http://www.ncbi.nlm.nih.gov/pubmed/16635963,123
niacin (vitamin B3),,0,heart disease,cardio,vitamin,,"3,620,000",vitamin B3 heart disease,"POTENTIALLY HARMFUL. Has long been thought an effective treatment for heart disease, but recent findings show that it does not help, and can have severe adverse effects. ",,The New England Journal of Medicine.,http://www.nejm.org/doi/full/10.1056/NEJMoa1300955,,,http://www.nejm.org/doi/full/10.1056/NEJMoa1300955,124
olive leaf extract,,1,"blood pressure, cholesterol",cardio,plant / herb,,"5,840,000",olive leaf extract blood pressure cholesterol,"One study found  beneficial effects on vascular health, although the trial was small. ",,British Journal of Nutrition,http://journals.cambridge.org/action/displayAbstract?fromPage=online&aid=9860730&fileId=S0007114515001269,,,http://journals.cambridge.org/action/displayAbstract?fromPage=online&aid=9860730&fileId=S0007114515001269,125
omega 3,,1,child ADHD,"mental health, children",compound,,"2,360,000",omega 3 child ADHD,Insufficient evidence to suggest omega 3 has any beneficial effect on children with ADHD.,,Cochrane,http://www.cochrane.org/CD007986/BEHAV_polyunsaturated-fatty-acids-pufa-supplements-for-attention-deficit-hyperactivity-disorder-adhd-in-children-and-adolescents,http://www.cochrane.org/CD007986/BEHAV_polyunsaturated-fatty-acids-pufa-supplements-for-attention-deficit-hyperactivity-disorder-adhd-in-children-and-adolescents,,,126
omega 3: ALA,,1,heart disease,cardio,compound,,"1,360,000",omega 3 ALA heart disease,"Insufficient evidence to claim that omega 3 has any impact on heart health, either in healthy people or those with cardiovascular disease.",,Cochrane,http://www.cochrane.org/CD003177/VASC_there-is-not-enough-evidence-to-say-that-people-should-stop-taking-rich-sources-of-omega-3-fats-but-further-high-quality-trials-are-needed-to-confirm-the-previously-suggested-protective-effect-of-omega-3-fats-for-those-at-increased-cardiovas,http://www.cochrane.org/CD003177/VASC_there-is-not-enough-evidence-to-say-that-people-should-stop-taking-rich-sources-of-omega-3-fats-but-further-high-quality-trials-are-needed-to-confirm-the-previously-suggested-protective-effect-of-omega-3-fats-for-those-at-increased-cardiovas,,,127
omega 6,,1,cancer,cancer,compound,,"64,300,000",omega 6 cancer,"One study found that omega 6 prevented tumours from growing, but this was a cell study, i.e. not tested on humans. ",,Journal of the National Cancer Institute,http://jnci.oxfordjournals.org/cgi/content/abstract/97/21/1611?maxtoshow=&hits=10&RESULTFORMAT=&fulltext=eveing+primrose+oil&searchid=1&FIRSTINDEX=0&resourcetype=HWCIT,,,http://jnci.oxfordjournals.org/cgi/content/abstract/97/21/1611?maxtoshow=&hits=10&RESULTFORMAT=&fulltext=eveing+primrose+oil&searchid=1&FIRSTINDEX=0&resourcetype=HWCIT,128
omega 6,,1,heart health,cardio,compound,,"68,400,000",omega 6 heart health,No benefit on heart health. ,,British Medical Journal,http://www.bmj.com/content/346/bmj.e8707,,,http://www.bmj.com/content/346/bmj.e8707,129
pau d’arco,,0,decongestant ,general health,plant / herb,,"35,100",pau d'arco decongestant,"HARMFUL. Highly toxic. If used at all, should be used with extreme caution. ",,Oncology Nursing Forum,https://pdfs.semanticscholar.org/582a/65c49c737111cc5416303877d4c5c0c5a093.pdf,,,https://pdfs.semanticscholar.org/582a/65c49c737111cc5416303877d4c5c0c5a093.pdf,130
peppermint oil,,5,IBS,digestion,plant / herb,,"1,080,000",peppermint oil IBS,"Relaxes muscles, which relieves IBS-related muscle spasms. Peppermint oil might be more effective than conventional anti-spasmodics and fibre treatment. ",,Cochrane,https://www.cochranelibrary.com/cdsr/doi/10.1002/14651858.CD003460.pub3/full?highlightAbstract=withdrawn%7Cib%7Cibs%7Cpeppermint,https://www.cochranelibrary.com/cdsr/doi/10.1002/14651858.CD003460.pub3/full?highlightAbstract=withdrawn%7Cib%7Cibs%7Cpeppermint,,,131
piracetam,,2,"memory, dementia",mental health,compound,,"475,000",piracetam memory,Evidence does not support the use of piracetam as a treatment for cognitive impairment. ,,Cochrane,https://www.cochranelibrary.com/cdsr/doi/10.1002/14651858.CD001011/full?highlightAbstract=withdrawn%7Cpiracetam,https://www.cochranelibrary.com/cdsr/doi/10.1002/14651858.CD001011/full?highlightAbstract=withdrawn%7Cpiracetam,,,132
potassium,,1,blood pressure,cardio,mineral,,"56,000,000",potassium blood pressure,Medication that prevents potassium loss has no significant impact on blood pressure at low doses. Trials at high doses are unavailable. ,,Cochrane,http://www.cochrane.org/CD008167/HTN_the-blood-pressure-lowering-effect-of-enac-blockers-is-not-known,http://www.cochrane.org/CD008167/HTN_the-blood-pressure-lowering-effect-of-enac-blockers-is-not-known,,,133
probiotics,,2,candida,reproductive,other,,"3,940,000",probiotics candida,Very low quality evidence. High quality trials needed. ,,Cochrane,http://www.cochrane.org/CD010496/STI_probiotics-vulvovaginal-candidiasis-non-pregnant-women,http://www.cochrane.org/CD010496/STI_probiotics-vulvovaginal-candidiasis-non-pregnant-women,,,134
probiotics,,3,"cholesterol, blood pressure",cardio,other,,"8,880,000",probiotics cholesterol blood pressure,Conflicting evidence and unclear results.,,Internal Journal of Molecular Sciences,http://www.mdpi.com/1422-0067/11/6/2499/htm,,http://www.mdpi.com/1422-0067/11/6/2499/htm,,135
probiotics,,3,IBS,digestion,other,,"6,700,000",probiotics IBS,"A particular probiotic (B. infantis 35624) improves IBS symptoms such as pain, bloating, and bowel movement difficulty. Evidence for other types of probiotic is limited. ",,PubMed,http://www.ncbi.nlm.nih.gov/pubmed/19277023,,http://www.ncbi.nlm.nih.gov/pubmed/19277023,,136
probiotics,,1,urinary tract infections,urinary,other,,"1,190,000",probiotics urinary tract infection,No significant evidence that probiotics are any more effective than placebo in treating UTIs. Quality of evidence is poor.,,Cochrane,http://www.cochrane.org/CD008772/RENAL_probiotics-preventing-urinary-tract-infections-adults-and-children,http://www.cochrane.org/CD008772/RENAL_probiotics-preventing-urinary-tract-infections-adults-and-children,,,137
probiotics,,5,diarrhea,digestion,other,,"1,420,000",probiotics antibiotic diarrhea,Effective for preventing diarrhea associated with antibiotic use,,Cochrane,http://www.cochrane.org/CD006095/IBD_use-probiotics-prevent-clostridium-difficile-diarrhea-associated-antibiotic-use,http://www.cochrane.org/CD006095/IBD_use-probiotics-prevent-clostridium-difficile-diarrhea-associated-antibiotic-use,,,138
reishi mushroom,G. lucidum,2,cancer,cancer,plant/herb,,"601,000",reishi mushroom cancer,Possible effect on recovery from chemotherapy. But studies were small and there were some quality concerns. ,,Cochrane,http://www.cochrane.org/CD007731/GYNAECA_g-lucidum-reishi-mushroom-cancer-treatment,http://www.cochrane.org/CD007731/GYNAECA_g-lucidum-reishi-mushroom-cancer-treatment,,,139
resveratrol,,2,heart health,cardio,compound,OTW,"6,560,000",resveratrol heart health,"Resveratrol may have cardioprotective benefits, although scientists don't know quite how it works.",,Tomé-Carneiro et al 2013,http://www.ncbi.nlm.nih.gov/pubmed/23448440,,http://www.ncbi.nlm.nih.gov/pubmed/23448440,,140
resveratrol,,1,cancer,cancer,compound,,"7,130,000",resveratrol cancer,No human trials as yet.,,Cancer Letters,http://onlinelibrary.wiley.com/doi/10.1111/nyas.12205/abstract?userIsAuthenticated=false&deniedAccessCustomisedMessage=,,http://onlinelibrary.wiley.com/doi/10.1111/nyas.12205/abstract?userIsAuthenticated=false&deniedAccessCustomisedMessage=,http://www.cancerletters.info/article/S0304-3835(08)00252-8/abstract,141
resveratrol,,2,diabetes,diabetes,compound,,"6,940,000",resveratrol diabetes,Some preliminary evidence for relieving diabetes symptoms.,,British Journal of Nutrition,http://www.ncbi.nlm.nih.gov/pubmed/21385509,,,http://www.ncbi.nlm.nih.gov/pubmed/21385509,142
rhodiola rosea L.,,2,fatigue,"mental health, general health",plant / herb,,"258,000",rhodiola rosea L fatigue,"Rhodiola rosea L. is effective in treating fatigue. However, the quality of the trials conducted is questionable. ",,Complementary and Alternative Medicine,http://www.biomedcentral.com/1472-6882/12/70,,http://www.biomedcentral.com/1472-6882/12/70,,143
saffron,,2,depression,mental health,plant/herb,,"2,820,000",saffron depression,Possible anti-depressant effect. But solid evidence is lacking. ,,"Journal of Affective Disorders, Phytomedicine, Journal of Ethnopharmacology, Journal of Integrative Medicine, Human Psychopharmacology",https://www.sciencedirect.com/science/article/pii/S0165032717315884,,"https://www.sciencedirect.com/science/article/pii/S0165032717315884
http://www.sciencedirect.com/science/article/pii/S2095496414601412
http://onlinelibrary.wiley.com/doi/10.1002/hup.2434/full","http://www.sciencedirect.com/science/article/pii/S0165032716310217
https://www.sciencedirect.com/science/article/pii/S0944711317301447
http://www.sciencedirect.com/science/article/pii/S0378874104005628",144
SAM-e,,1,depression,mental health,compound,,"313,000,000",SAM-e depression,A review of eight studies showed no strong evidence of the effectiveness of SAM-e when taken on its own. More study needed.,,Current Psychiatry Reports,https://www.cochranelibrary.com/cdsr/doi/10.1002/14651858.CD011286.pub2/full?highlightAbstract=withdrawn%7Cdepress%7Cdepression%7Ce%7Csam,https://www.cochranelibrary.com/cdsr/doi/10.1002/14651858.CD011286.pub2/full?highlightAbstract=withdrawn%7Cdepress%7Cdepression%7Ce%7Csam,https://www.nlm.nih.gov/medlineplus/druginfo/natural/786.html,,145
saw palmetto,,1,prostate-related urinary problems,"urinary, men",plant / herb,,"2,150,000",saw palmetto prostate,No evidence that it improves urinary-tract-related problems. ,,Cochrane,https://www.cochranelibrary.com/cdsr/doi/10.1002/14651858.CD001423.pub3/full?highlightAbstract=saw%7Cwithdrawn%7Cpalmett%7Cpalmetto,https://www.cochranelibrary.com/cdsr/doi/10.1002/14651858.CD001423.pub3/full?highlightAbstract=saw%7Cwithdrawn%7Cpalmett%7Cpalmetto,,http://www.ncbi.nlm.nih.gov/pubmed/19370565,146
selenium,,1,cancer ,cancer,mineral,,"19,400,000",selenium cancer,Insufficient evidence that selenium lowers cancer risk. ,,Cochrane,http://www.cochrane.org/CD005195/GYNAECA_selenium-for-preventing-cancer,http://www.cochrane.org/CD005195/GYNAECA_selenium-for-preventing-cancer,,,147
silicic acid,,1,Alzheimer's,mental health,compound,OTW,"48,800",silicic acid Alzheimer's,Silicic acid might help to prevent Alzheimer's Disease by decreasing the amount of aluminium in the body. We await more research.,,PubMed,http://www.ncbi.nlm.nih.gov/pubmed/16988476,,,http://www.ncbi.nlm.nih.gov/pubmed/16988476,148
slippery elm,,1,sore throat,infections,plant / herb,,"973,000",slippery elm sore throat,No clinical evidence for sore throats.,,Pediatrics in Review,http://www.researchgate.net/profile/Kathi_Kemper2/publication/274637505_herbs_in_pediatric_and_adolescent_medicine-_gardiner-_peds_in_review_2000/links/55242e490cf2b123c51736e8.pdf,http://www.researchgate.net/profile/Kathi_Kemper2/publication/274637505_herbs_in_pediatric_and_adolescent_medicine-_gardiner-_peds_in_review_2000/links/55242e490cf2b123c51736e8.pdf,,,149
spirulina,,1,"blood pressure, cholesterol",cardio,plant / herb,,"837,000",spirulina blood pressure cholesterol,Very preliminary evidence shows Spirulina reducing blood pressure and lower lipids.,,Journal of Medicinal Food,http://www.ncbi.nlm.nih.gov/pubmed/19298191,,,http://www.ncbi.nlm.nih.gov/pubmed/19298191,150
St John's wort,,4,depression,mental health,plant / herb,,"1,500,000",st john's wort depression,"St John's Wort performs better than a placebo in improving depression symptoms, and not significantly different to antidepressants, which had more side-effects.",,"Cochrane, Systematic Reviews",https://www.cochrane.org/CD000448/DEPRESSN_st.-johns-wort-for-treating-depression.,https://www.cochrane.org/CD000448/DEPRESSN_st.-johns-wort-for-treating-depression.,https://systematicreviewsjournal.biomedcentral.com/articles/10.1186/s13643-016-0325-2,,151
St John's wort,,1,PMS,"reproductive, women",plant / herb,,"249,000",st john's wort PMS,Daily treatment with St. John's wort had no effect on the emotional and physical symptoms of PMS.,,CNS Drugs,http://www.tandfonline.com/doi/abs/10.3109/0167482X.2010.538102#.VcoSgJNVhBc,http://www.tandfonline.com/doi/abs/10.3109/0167482X.2010.538102#.VcoSgJNVhBc,,,152
taurine,,1,"weight loss, cholesterol","general health, cardio",compound,,"1,860,000",taurine weight loss,No human trials.,,PubMed,https://www.ncbi.nlm.nih.gov/pubmed/15221507,,,https://www.ncbi.nlm.nih.gov/pubmed/15221507,153
TMG ,trimethylglycine,1,metabolism,general health,compound,,"182,000",tmg metabolism,No significant effect on metabolism in humans. ,,Schwab 2002,http://www.ncbi.nlm.nih.gov/pubmed/12399266,,,http://www.ncbi.nlm.nih.gov/pubmed/12399266,154
tryptophan,,3,depression in women,"mental health, women",compound,,"233,000",tryptophan 5-HTP depression,"Tryptophan and 5-HTP might alleviate depression, but the studies conducted are unreliable, and the safety of the substances is questionable. ",,Cochrane,http://www.cochrane.org/CD003198/DEPRESSN_tryptophan-and-5-hydroxytryptophan-for-depression,http://www.cochrane.org/CD003198/DEPRESSN_tryptophan-and-5-hydroxytryptophan-for-depression,,,155
turmeric,curcumin,2,cancer,cancer,plant / herb,OTW,"2,790,000",turmeric curcumin cancer,"Might have anti-cancer effects, particularly on colon and pancreatic cancer, cervical neoplasia and Barrets metaplasia. ",,PubMed,http://www.ncbi.nlm.nih.gov/pubmed/20214562,,,http://www.ncbi.nlm.nih.gov/pubmed/20214562,156
turmeric,curcumin,3,"peptic ulcer, ulcerative colitis ",digestion,plant / herb,OTW,"857,000",turmeric peptic ulcer colitis,"May be an effective therapy for peptic ulcers and ulcerative colitis when combined with conventional medications. However, larger trials are needed. ",,Cochrane,http://www.cochrane.org/CD008424/IBD_curcumin-for-maintenance-of-remission-in-ulcerative-colitis,http://www.cochrane.org/CD008424/IBD_curcumin-for-maintenance-of-remission-in-ulcerative-colitis,,,157
turmeric,curcumin,2,depression,mental health,plant/herb,,"10,700,000",turmeric depression,"May have benefits. However, it has poor bioavailability. 9-20 teaspoons daily would be required to get the desired effect.",,"Journal of the American Medical Directors Association, Journal of Affective Disorders, Phytotherapy Research, European Neuropsychopharmacology, Journal of Clinical Pharmacology,",http://onlinelibrary.wiley.com/doi/10.1002/ptr.5524/full,,"http://onlinelibrary.wiley.com/doi/10.1002/ptr.5524/full
http://www.sciencedirect.com/science/article/pii/S1525861016306752","http://www.sciencedirect.com/science/article/pii/S0165032714003620
http://onlinelibrary.wiley.com/doi/10.1002/ptr.5025/full
http://www.sciencedirect.com/science/article/pii/S0924977X14003265
http://journals.lww.com/psychopharmacology/Abstract/2015/08000
http://journals.lww.com/psychopharmacology/Abstract/2015/08000/Chronic_Supplementation_of_Curcumin_Enhances_the.9.aspx",158
turmeric,curcumin,2,memory,cognition,plant / herb,,"1,200,000",turmeric curcumin memory,"A high quality, long-term (18 months), but small study (40 subjects) found that 90mg of curcumin twice daily improved memory in adults without dementia. ",,American Journal of Geriatric Psychiatry,https://www.sciencedirect.com/science/article/pii/S1064748117305110,,,https://www.sciencedirect.com/science/article/pii/S1064748117305110,159
L-tyrosine,,4,"alertness, wakefulness, memory",cognition,compound,,"49,700",tyrosine alertness wakefulness memory,Evidence suggests that tyrosine intake slightly improves working memory and information processing in healthy adults under strain. ,,Pharmacology Biochemistry and Behaviour,http://www.sciencedirect.com/science/article/pii/S0091305715000945,,http://www.sciencedirect.com/science/article/pii/S0091305715000945,,160
L-tyrosine,,3,depression,mental health,compound,,"4,830,000",tyrosine mental health,"Tyrosine may help with mental health problems by maintaining neurotransmitters, which affect mood.",,Pharmacology Biochemistry and Behaviour,http://www.sciencedirect.com/science/article/pii/S0091305715000945,,http://www.sciencedirect.com/science/article/pii/S0091305715000945,,161
valerian,,1,anxiety,mental health,plant / herb,,"2,310,000",valerian anxiety,One study found no difference between valerian and placebo in the treatment of anxiety. Research using larger samples is required. ,,Cochrane,http://www.cochrane.org/CD004515/DEPRESSN_valerian-for-anxiety-disorders,http://www.cochrane.org/CD004515/DEPRESSN_valerian-for-anxiety-disorders,,,162
valerian,,0,insomnia,mental health,plant / herb,,"1,140,000",valerian insomnia,HARMFUL? No significant differences between valerian and placebo in the treatment of insomnia. Valerian might have a number of adverse side effects. ,,Sleep Medicine Reviews,http://www.sciencedirect.com/science/article/pii/S1087079214001476,,http://www.sciencedirect.com/science/article/pii/S1087079214001476,,163
vitamin A,,4,"child mortality, diarrhea, measles","general health, infections",vitamin,,"45,600,000",vitamin A child death,"Reduces overall risk of death and death due to diarrhoea by 12%. Vitamin A does not specifically reduce death due to measles, respiratory infections, or meningitis, but it can reduce new occurrences of diarrhoea and measles.",,"Cochrane, WHO",http://www.cochrane.org/CD008524/BEHAV_vitamin-supplementation-preventing-disease-and-death-children-aged-six-months-five-years,http://www.cochrane.org/CD008524/BEHAV_vitamin-supplementation-preventing-disease-and-death-children-aged-six-months-five-years,http://www.who.int/bulletin/volumes/88/9/09-068080/en/,,164
vitamin A,retinold,0,birth defects,children,vitamin,,"635,000",vitamin A retinol birth defects,"HARMFUL. High doses (10,000 ID/per day) can cause birth defects in human and animal infants.",,PubMed,http://www.ncbi.nlm.nih.gov/pubmed/9431575,,,http://www.ncbi.nlm.nih.gov/pubmed/9431575,165
vitamin B,,2,Alzheimer's,mental health,vitamin,,"16,200,000",vitamin B Alzheimer's,Vitamin B treatment slows brain shrinkage and significantly reduces brain cell death.,,Proceedings of the National Academy of Sciences of the United States of America,http://www.pnas.org/content/110/23/9523.short,,,http://www.pnas.org/content/110/23/9523.short,166
Vitamin B,,4,schizophrenia,mental health,vitamin,,"5,580,000",vitamin B schizophrenia,A review of 18 studies found that vitamin B reduced psychiatric symptoms significantly more than in a control group.,,Psychological Medicine,https://www.cambridge.org/core/journals/psychological-medicine/article/div-classtitlethe-effects-of-vitamin-and-mineral-supplementation-on-symptoms-of-schizophrenia-a-systematic-review-and-meta-analysisdiv/3CFE6C3B0FED2ED04B9968AD2660EA08,,https://www.cambridge.org/core/journals/psychological-medicine/article/div-classtitlethe-effects-of-vitamin-and-mineral-supplementation-on-symptoms-of-schizophrenia-a-systematic-review-and-meta-analysisdiv/3CFE6C3B0FED2ED04B9968AD2660EA08,,167
vitamin B2,riboflavin,2,migraine  ,pain,vitamin,OTW,"683,000",vitamin B2 migraine,May reduce the frequency of migraines.,,Neurological Science,http://link.springer.com/article/10.1007/s10072-014-1755-z#page-1,,,http://link.springer.com/article/10.1007/s10072-014-1755-z#page-1,168
vitamin B3,,2,skin cancer ,cancer,vitamin,,"3,160,000",vitamin B3 skin cancer,May prevent skin cancer.,,"International Journal of Cancer, Photodermatology, Photoimmunology & Photomedicine, CA: A Cancer Journal for Clinicians, New England Journal of Medicine",http://onlinelibrary.wiley.com/wol1/doi/10.1002/ijc.30630/full,,http://onlinelibrary.wiley.com/wol1/doi/10.1002/ijc.30630/full,"http://www.nejm.org/doi/full/10.1056/NEJMoa1506197#t=article
http://onlinelibrary.wiley.com/doi/10.1111/phpp.12328/full
http://onlinelibrary.wiley.com/doi/10.3322/caac.21299/full",169
vitamin B8,,3,"OCD, panic disorder",mental health,vitamin,OTW,"94,200",vitamin B8 panic ocd,"Several small studies suggest anti-anxiety effects, but more research is needed.  ",,Journal of Clinical Pharmacology,"http://journals.lww.com/psychopharmacology/Abstract/2001/06000/Double_Blind,_Controlled,_Crossover_Trial_of.14.aspx",,,"http://journals.lww.com/psychopharmacology/Abstract/2001/06000/Double_Blind,_Controlled,_Crossover_Trial_of.14.aspx",170
vitamin B8,,2,depression,mental health,vitamin,,"860,000",vitamin B8 depression,The evidence for vitamin B8 (also known as Inositol) as a treatment for depression is unclear.,,Cochrane,http://www.cochrane.org/CD004049/DEPRESSN_inositol-for-depression,http://www.cochrane.org/CD004049/DEPRESSN_inositol-for-depression,,,171
vitamin C,,4,colds,infections,vitamin,,"9,430,000",vitamin C colds,"Vitamin C supplementation does not reduce the incidence of colds in the general population, although it can shorten their duration. For those under extreme physical stress (e.g. marathon runners) vitamin C appears to half the risk of developing a cold. ",,Cochrane,http://www.cochrane.org/CD000980/ARI_vitamin-c-for-preventing-and-treating-the-common-cold,http://www.cochrane.org/CD000980/ARI_vitamin-c-for-preventing-and-treating-the-common-cold,,,172
vitamin D,,1,cancer,cancer,vitamin,,"166,000,000",vitamin D cancer,"One of the largest & most rigorous trials ever conducted (25,871 participants over 5 years) found that vitamin D supplementation did not result in lower incidence of invasive cancers. ",,"PubMed, New England Journal of Medicine",http://www.ncbi.nlm.nih.gov/pubmed/20164683,,,"http://www.ncbi.nlm.nih.gov/pubmed/20164683
https://www.nejm.org/doi/full/10.1056/NEJMoa1809944
http://www.ncbi.nlm.nih.gov/pubmed/17556697",173
vitamin D,,3,asthma attacks,respiratory,vitamin,OTW,"37,100,000",vitamin D asthma,Some protection against severe asthma attacks in adults with mild to moderate asthma. Further trials focusing on children and people who experience frequent severe asthma attacks are needed.,,Cochrane,http://www.cochrane.org/CD011511/AIRWAYS_vitamin-d-prevent-asthma-attacks,http://www.cochrane.org/CD011511/AIRWAYS_vitamin-d-prevent-asthma-attacks,,,174
vitamin D,,4,bone health,musculoskeletal,vitamin,,"80,200,000",vitamin D bone health,It appears that supplementation for those with vitamin D deficiency increases bone density and helps to prevent fractures. ,,American Journal of Clinical Nutrition,http://www.cochrane.org/CD006944/MUSKEL_vitamin-d-for-improving-bone-density-in-children,http://www.cochrane.org/CD006944/MUSKEL_vitamin-d-for-improving-bone-density-in-children,http://www.ncbi.nlm.nih.gov/pubmed/18689393,http://www.sciencedirect.com/science/article/pii/S1568997213000402,175
vitamin D,,1,"depression, mood disorders",mental health,vitamin,,"27,500,000",vitamin D depression mood,"Low levels of vitamin D in the body are associated with depression, but whether or not vitamin D deficiency actually causes depression is uncertain. ",,British Journal of Psychology,http://bjp.rcpsych.org/content/202/2/100.short,,http://bjp.rcpsych.org/content/202/2/100.short,,176
vitamin D,,2,diabetes,diabetes,vitamin,,"154,000,000",vitamin D diabetes,The association between vitamin D status and diabetes is unclear. ,,Annals of Internal Medicine,http://www.ncbi.nlm.nih.gov/pubmed/20194237,,http://www.ncbi.nlm.nih.gov/pubmed/20194237,,177
vitamin D,,3,flu,infections,vitamin,,"31,800,000",vitamin d flu,"In one trial, 10.8% of children taking vitamin D(3) contracted influenza, compared with 18.6% of children in the placebo group. It also reduced the number of flu-related asthma attacks. ",,Urashima et al. 2010,http://www.ncbi.nlm.nih.gov/pubmed/20219962,,,http://www.ncbi.nlm.nih.gov/pubmed/20219962,178
vitamin D,,4,"general health, all-cause mortality",general health,vitamin,,"44,500,000",vitamin D health mortality,"A review suggests that vitamin D3 may reduce mortality, showing that about 150 participants need to be treated over five years for one additional life to be saved. It found some evidence that vitamin D3 seems to decrease mortality in elderly people not dependent on help or living in institutional care.
",,Cochrane,https://www.cochranelibrary.com/cdsr/doi/10.1002/14651858.CD007470.pub3/full?highlightAbstract=mortality%7Cwithdrawn%7Cd%7Cvitamin%7Cmortal,https://www.cochranelibrary.com/cdsr/doi/10.1002/14651858.CD007470.pub3/full?highlightAbstract=mortality%7Cwithdrawn%7Cd%7Cvitamin%7Cmortal,http://ebm.bmj.com/content/13/2/47.full,,179
vitamin D,,1,cardiovascular disease,cardio,vitamin,,"109,000,000",vitamin D heart disease,"One of the largest & most rigorous trials ever conducted (over 83,000 participants) found that vitamin D supplementation did not result in lower incidence of cardiovascular events. ",,"JAMA, New England Journal of Medicine",https://jamanetwork.com/journals/jamacardiology/article-abstract/2735646,,,https://www.nejm.org/doi/full/10.1056/NEJMoa1809944,180
vitamin E,alpha tocopherol ,0,mortality,general health,vitamin,,"62,600,000",vitamin E mortality,"HARMFUL? High dosages might increase all-cause mortality. Small amounts can be beneficial, but the line between helpful and dangerous is unclear at this stage. ",,American College of Physicians,http://annals.org/article.aspx?articleid=718049,,http://annals.org/article.aspx?articleid=718049,,181
vitamin E,alpha tocopherol ,2,Alzheimer's disease,neurological,vitamin,,"29,000,000",vitamin e Alzheimer,No to slight evidence.,,Cochrane,http://www.cochrane.org/CD002854/DEMENTIA_use-vitamin-e-treatment-mild-cognitive-impairment-and-alzheimers-disease-ad,http://www.cochrane.org/CD002854/DEMENTIA_use-vitamin-e-treatment-mild-cognitive-impairment-and-alzheimers-disease-ad,,,182
Vitamin K,,1,cardiovascular disease,cardio,vitamin,,"65,600,000",vitamin k heart disease,More evidence needed.,,Cochrane,http://www.cochrane.org/CD011148/VASC_vitamin-k-supplementation-prevent-cardiovascular-disease,http://www.cochrane.org/CD011148/VASC_vitamin-k-supplementation-prevent-cardiovascular-disease,,,183
Vitamin K2,,3,prostate cancer,"cancer, men",vitamin,,"1,470,000",vitamin k2 prostate cancer,No conclusive evidence.,,"American Journal of Clinical Nutrition, OncoTarget",https://www.ncbi.nlm.nih.gov/pmc/articles/PMC5593683/,,https://www.ncbi.nlm.nih.gov/pmc/articles/PMC5593683/,http://www.ajcn.org/cgi/content/abstract/87/4/985,184
vitamin K2,,4,osteoporosis,musculoskeletal,vitamin,,"473,000",vitamin K2 osteoporosis,"Vitamin K2 has repeatedly been shown to improve bone strength, particularly in post-menopausal women. ",,Osteoporosis International,http://link.springer.com/article/10.1007/s00198-007-0337-9#page-1,,,http://link.springer.com/article/10.1007/s00198-007-0337-9#page-1,185
xylitol,,4,middle ear infection,infections,plant / herb,,"311,000",xylitol ear infection,"Was found to reduce middle ear infections in otherwise healthy children by 8% (from 30% to 22%). It was administered via chewing gum, lozenges or syrup. Other studies have had similar positive results.",,"Cochrane, Medicine",http://www.cochrane.org/CD007095/ARI_xylitol-sugar-supplement-preventing-middle-ear-infection-children-12-years-age,http://www.cochrane.org/CD007095/ARI_xylitol-sugar-supplement-preventing-middle-ear-infection-children-12-years-age,https://www.ncbi.nlm.nih.gov/pmc/articles/PMC4753897/,,186
xylitol,,2,teeth,general health,compound,,"3,080,000",xylitol teeth,"Some evidence that xylitol in toothpaste might reduce tooth decay by 13% over 3 years. The studies have been of low quality, though. ",,Cochrane,http://www.cochrane.org/CD010743/ORAL_can-xylitol-used-in-products-like-sweets-candy-chewing-gum-and-toothpaste-help-prevent-tooth-decay-in-children-and-adults,http://www.cochrane.org/CD010743/ORAL_can-xylitol-used-in-products-like-sweets-candy-chewing-gum-and-toothpaste-help-prevent-tooth-decay-in-children-and-adults,,,187
zinc,,4,colds,"infections, respiratory",mineral,,"2,540,000",zinc colds,"Oral zinc formulations may shorten symptoms of common cold infections. However, large high-quality trials are needed. Side effects can be common.",,CMAJ,http://www.cmaj.ca/content/184/10/E551.short,,http://www.cmaj.ca/content/184/10/E551.short,,188
zinc,,5,pneumonia (children),infections,mineral,,"4,370,000",zinc pneumonia,Zinc supplementation in children is associated with a reduction in the incidence and prevalence of pneumonia.,,"Cochrane, WHO",http://www.cochrane.org/CD005978/ARI_zinc-supplementation-prevention-pneumonia-children-aged-two-59-months,http://www.cochrane.org/CD005978/ARI_zinc-supplementation-prevention-pneumonia-children-aged-two-59-months,http://www.who.int/elena/titles/bbc/zinc_pneumonia_children/en/,,189
